-- ===================================================================
-- TEST DATA FOR HOMEASSISTANT FORUM DATABASE
-- ===================================================================

-- Insert default forum categories
INSERT IGNORE INTO forum_categories (id, name, description, icon, sort_order) VALUES
(1, 'Smart Home', 'Discussions about smart home devices, automation, and setup', 'home', 1),
(2, 'Security', 'Home security systems, cameras, and monitoring', 'shield', 2),
(3, 'Lighting', 'Smart bulbs, switches, and lighting automation', 'lightbulb', 3),
(4, 'Climate Control', 'Thermostats, HVAC, and temperature management', 'thermometer', 4),
(5, 'Energy Management', 'Solar panels, battery systems, and energy monitoring', 'battery', 5),
(6, 'Entertainment', 'Media servers, streaming, and home theater systems', 'play', 6),
(7, 'Networking', 'WiFi, routers, and network infrastructure', 'wifi', 7),
(8, 'Troubleshooting', 'Technical support and problem-solving', 'wrench', 8),
(9, 'General Discussion', 'Off-topic discussions and community chat', 'chat', 9);

-- Insert test users (50 records)
INSERT IGNORE INTO users (id, device_id, username, phone_number, password, status, created_at) VALUES
(1, 'DEV001', 'john_doe', '+1234567890', 'a665a45920422f9d417e4867efdc4fb8a04a1f3fff1fa07e998e86f7f7a27ae3', 0, '2024-01-01 10:00:00'),
(2, 'DEV002', 'jane_smith', '+1234567891', 'a665a45920422f9d417e4867efdc4fb8a04a1f3fff1fa07e998e86f7f7a27ae3', 0, '2024-01-01 11:00:00'),
(3, 'DEV003', 'mike_johnson', '+1234567892', 'a665a45920422f9d417e4867efdc4fb8a04a1f3fff1fa07e998e86f7f7a27ae3', 0, '2024-01-01 12:00:00'),
(4, 'DEV004', 'sarah_wilson', '+1234567893', 'a665a45920422f9d417e4867efdc4fb8a04a1f3fff1fa07e998e86f7f7a27ae3', 0, '2024-01-01 13:00:00'),
(5, 'DEV005', 'alex_brown', '+1234567894', 'a665a45920422f9d417e4867efdc4fb8a04a1f3fff1fa07e998e86f7f7a27ae3', 0, '2024-01-01 14:00:00'),
(6, 'DEV006', 'emily_davis', '+1234567895', 'a665a45920422f9d417e4867efdc4fb8a04a1f3fff1fa07e998e86f7f7a27ae3', 0, '2024-01-01 15:00:00'),
(7, 'DEV007', 'chris_miller', '+1234567896', 'a665a45920422f9d417e4867efdc4fb8a04a1f3fff1fa07e998e86f7f7a27ae3', 0, '2024-01-01 16:00:00'),
(8, 'DEV008', 'lisa_garcia', '+1234567897', 'a665a45920422f9d417e4867efdc4fb8a04a1f3fff1fa07e998e86f7f7a27ae3', 0, '2024-01-01 17:00:00'),
(9, 'DEV009', 'david_martinez', '+1234567898', 'a665a45920422f9d417e4867efdc4fb8a04a1f3fff1fa07e998e86f7f7a27ae3', 0, '2024-01-01 18:00:00'),
(10, 'DEV010', 'amanda_lopez', '+1234567899', 'a665a45920422f9d417e4867efdc4fb8a04a1f3fff1fa07e998e86f7f7a27ae3', 0, '2024-01-01 19:00:00'),
(11, 'DEV011', 'kevin_white', '+1234567900', 'a665a45920422f9d417e4867efdc4fb8a04a1f3fff1fa07e998e86f7f7a27ae3', 0, '2024-01-02 10:00:00'),
(12, 'DEV012', 'michelle_clark', '+1234567901', 'a665a45920422f9d417e4867efdc4fb8a04a1f3fff1fa07e998e86f7f7a27ae3', 0, '2024-01-02 11:00:00'),
(13, 'DEV013', 'ryan_lewis', '+1234567902', 'a665a45920422f9d417e4867efdc4fb8a04a1f3fff1fa07e998e86f7f7a27ae3', 0, '2024-01-02 12:00:00'),
(14, 'DEV014', 'jennifer_walker', '+1234567903', 'a665a45920422f9d417e4867efdc4fb8a04a1f3fff1fa07e998e86f7f7a27ae3', 0, '2024-01-02 13:00:00'),
(15, 'DEV015', 'mark_hall', '+1234567904', 'a665a45920422f9d417e4867efdc4fb8a04a1f3fff1fa07e998e86f7f7a27ae3', 0, '2024-01-02 14:00:00'),
(16, 'DEV016', 'jessica_young', '+1234567905', 'a665a45920422f9d417e4867efdc4fb8a04a1f3fff1fa07e998e86f7f7a27ae3', 0, '2024-01-02 15:00:00'),
(17, 'DEV017', 'andrew_king', '+1234567906', 'a665a45920422f9d417e4867efdc4fb8a04a1f3fff1fa07e998e86f7f7a27ae3', 0, '2024-01-02 16:00:00'),
(18, 'DEV018', 'nicole_wright', '+1234567907', 'a665a45920422f9d417e4867efdc4fb8a04a1f3fff1fa07e998e86f7f7a27ae3', 0, '2024-01-02 17:00:00'),
(19, 'DEV019', 'daniel_green', '+1234567908', 'a665a45920422f9d417e4867efdc4fb8a04a1f3fff1fa07e998e86f7f7a27ae3', 0, '2024-01-02 18:00:00'),
(20, 'DEV020', 'stephanie_adams', '+1234567909', 'a665a45920422f9d417e4867efdc4fb8a04a1f3fff1fa07e998e86f7f7a27ae3', 0, '2024-01-02 19:00:00'),
(21, 'DEV021', 'matthew_baker', '+1234567910', 'a665a45920422f9d417e4867efdc4fb8a04a1f3fff1fa07e998e86f7f7a27ae3', 0, '2024-01-03 10:00:00'),
(22, 'DEV022', 'rachel_gonzalez', '+1234567911', 'a665a45920422f9d417e4867efdc4fb8a04a1f3fff1fa07e998e86f7f7a27ae3', 0, '2024-01-03 11:00:00'),
(23, 'DEV023', 'tyler_nelson', '+1234567912', 'a665a45920422f9d417e4867efdc4fb8a04a1f3fff1fa07e998e86f7f7a27ae3', 0, '2024-01-03 12:00:00'),
(24, 'DEV024', 'lauren_carter', '+1234567913', 'a665a45920422f9d417e4867efdc4fb8a04a1f3fff1fa07e998e86f7f7a27ae3', 0, '2024-01-03 13:00:00'),
(25, 'DEV025', 'joshua_mitchell', '+1234567914', 'a665a45920422f9d417e4867efdc4fb8a04a1f3fff1fa07e998e86f7f7a27ae3', 0, '2024-01-03 14:00:00'),
(26, 'DEV026', 'samantha_perez', '+1234567915', 'a665a45920422f9d417e4867efdc4fb8a04a1f3fff1fa07e998e86f7f7a27ae3', 0, '2024-01-03 15:00:00'),
(27, 'DEV027', 'justin_roberts', '+1234567916', 'a665a45920422f9d417e4867efdc4fb8a04a1f3fff1fa07e998e86f7f7a27ae3', 0, '2024-01-03 16:00:00'),
(28, 'DEV028', 'megan_turner', '+1234567917', 'a665a45920422f9d417e4867efdc4fb8a04a1f3fff1fa07e998e86f7f7a27ae3', 0, '2024-01-03 17:00:00'),
(29, 'DEV029', 'brandon_phillips', '+1234567918', 'a665a45920422f9d417e4867efdc4fb8a04a1f3fff1fa07e998e86f7f7a27ae3', 0, '2024-01-03 18:00:00'),
(30, 'DEV030', 'ashley_campbell', '+1234567919', 'a665a45920422f9d417e4867efdc4fb8a04a1f3fff1fa07e998e86f7f7a27ae3', 0, '2024-01-03 19:00:00'),
(31, 'DEV031', 'jacob_parker', '+1234567920', 'a665a45920422f9d417e4867efdc4fb8a04a1f3fff1fa07e998e86f7f7a27ae3', 0, '2024-01-04 10:00:00'),
(32, 'DEV032', 'brittany_evans', '+1234567921', 'a665a45920422f9d417e4867efdc4fb8a04a1f3fff1fa07e998e86f7f7a27ae3', 0, '2024-01-04 11:00:00'),
(33, 'DEV033', 'nathan_edwards', '+1234567922', 'a665a45920422f9d417e4867efdc4fb8a04a1f3fff1fa07e998e86f7f7a27ae3', 0, '2024-01-04 12:00:00'),
(34, 'DEV034', 'kayla_collins', '+1234567923', 'a665a45920422f9d417e4867efdc4fb8a04a1f3fff1fa07e998e86f7f7a27ae3', 0, '2024-01-04 13:00:00'),
(35, 'DEV035', 'austin_stewart', '+1234567924', 'a665a45920422f9d417e4867efdc4fb8a04a1f3fff1fa07e998e86f7f7a27ae3', 0, '2024-01-04 14:00:00'),
(36, 'DEV036', 'taylor_sanchez', '+1234567925', 'a665a45920422f9d417e4867efdc4fb8a04a1f3fff1fa07e998e86f7f7a27ae3', 0, '2024-01-04 15:00:00'),
(37, 'DEV037', 'connor_morris', '+1234567926', 'a665a45920422f9d417e4867efdc4fb8a04a1f3fff1fa07e998e86f7f7a27ae3', 0, '2024-01-04 16:00:00'),
(38, 'DEV038', 'morgan_rogers', '+1234567927', 'a665a45920422f9d417e4867efdc4fb8a04a1f3fff1fa07e998e86f7f7a27ae3', 0, '2024-01-04 17:00:00'),
(39, 'DEV039', 'jordan_reed', '+1234567928', 'a665a45920422f9d417e4867efdc4fb8a04a1f3fff1fa07e998e86f7f7a27ae3', 0, '2024-01-04 18:00:00'),
(40, 'DEV040', 'alexis_cook', '+1234567929', 'a665a45920422f9d417e4867efdc4fb8a04a1f3fff1fa07e998e86f7f7a27ae3', 0, '2024-01-04 19:00:00'),
(41, 'DEV041', 'logan_bailey', '+1234567930', 'a665a45920422f9d417e4867efdc4fb8a04a1f3fff1fa07e998e86f7f7a27ae3', 0, '2024-01-05 10:00:00'),
(42, 'DEV042', 'sydney_rivera', '+1234567931', 'a665a45920422f9d417e4867efdc4fb8a04a1f3fff1fa07e998e86f7f7a27ae3', 0, '2024-01-05 11:00:00'),
(43, 'DEV043', 'lucas_cooper', '+1234567932', 'a665a45920422f9d417e4867efdc4fb8a04a1f3fff1fa07e998e86f7f7a27ae3', 0, '2024-01-05 12:00:00'),
(44, 'DEV044', 'haley_richardson', '+1234567933', 'a665a45920422f9d417e4867efdc4fb8a04a1f3fff1fa07e998e86f7f7a27ae3', 0, '2024-01-05 13:00:00'),
(45, 'DEV045', 'ethan_cox', '+1234567934', 'a665a45920422f9d417e4867efdc4fb8a04a1f3fff1fa07e998e86f7f7a27ae3', 0, '2024-01-05 14:00:00'),
(46, 'DEV046', 'madison_ward', '+1234567935', 'a665a45920422f9d417e4867efdc4fb8a04a1f3fff1fa07e998e86f7f7a27ae3', 0, '2024-01-05 15:00:00'),
(47, 'DEV047', 'caleb_torres', '+1234567936', 'a665a45920422f9d417e4867efdc4fb8a04a1f3fff1fa07e998e86f7f7a27ae3', 0, '2024-01-05 16:00:00'),
(48, 'DEV048', 'kaitlyn_gray', '+1234567937', 'a665a45920422f9d417e4867efdc4fb8a04a1f3fff1fa07e998e86f7f7a27ae3', 0, '2024-01-05 17:00:00'),
(49, 'DEV049', 'hunter_james', '+1234567938', 'a665a45920422f9d417e4867efdc4fb8a04a1f3fff1fa07e998e86f7f7a27ae3', 0, '2024-01-05 18:00:00'),
(50, 'DEV050', 'chloe_watson', '+1234567939', 'a665a45920422f9d417e4867efdc4fb8a04a1f3fff1fa07e998e86f7f7a27ae3', 0, '2024-01-05 19:00:00');

-- Insert test forum topics (50 records)
INSERT IGNORE INTO forum_topics (id, user_id, category_id, title, content, status, created_at, updated_at) VALUES
(1, 1, 1, 'How to setup motion sensors in Home Assistant?', 'I just got some PIR motion sensors and want to integrate them with Home Assistant. What''s the best way to configure them for automation?', 0, '2024-01-10 09:00:00', '2024-01-10 09:00:00'),
(2, 2, 2, 'Best security cameras for outdoor use?', 'Looking for recommendations on weatherproof security cameras that work well with Home Assistant. Budget is around $200 per camera.', 0, '2024-01-10 10:30:00', '2024-01-10 10:30:00'),
(3, 3, 3, 'Smart bulb automation not working', 'My Philips Hue bulbs aren''t responding to my sunrise/sunset automation. They work fine manually but automation fails. Any ideas?', 0, '2024-01-10 11:15:00', '2024-01-10 11:15:00'),
(4, 4, 4, 'Thermostat scheduling issues', 'Having trouble with my Nest thermostat schedule. It keeps reverting to manual mode. How do I fix this in Home Assistant?', 0, '2024-01-10 12:00:00', '2024-01-10 12:00:00'),
(5, 5, 5, 'Solar panel monitoring setup', 'Want to monitor my solar panels through Home Assistant. What sensors and integrations do I need?', 0, '2024-01-10 13:45:00', '2024-01-10 13:45:00'),
(6, 6, 6, 'Plex server integration problems', 'Can''t get my Plex server to show up in Home Assistant. Followed the docs but still no luck. Help!', 0, '2024-01-10 14:30:00', '2024-01-10 14:30:00'),
(7, 7, 7, 'WiFi mesh network recommendations', 'My current router can''t handle all my smart devices. Looking for mesh network recommendations for Home Assistant.', 0, '2024-01-10 15:15:00', '2024-01-10 15:15:00'),
(8, 8, 8, 'Zigbee coordinator not responding', 'My Zigbee coordinator stopped working after the last update. Devices are showing as unavailable. How to fix?', 0, '2024-01-10 16:00:00', '2024-01-10 16:00:00'),
(9, 9, 9, 'Share your coolest automation!', 'Let''s share our most creative Home Assistant automations. I''ll start with my coffee maker automation.', 0, '2024-01-10 17:30:00', '2024-01-10 17:30:00'),
(10, 10, 1, 'Smart doorbell integration', 'Just installed a Ring doorbell. What''s the best way to integrate it with Home Assistant for notifications?', 0, '2024-01-11 08:00:00', '2024-01-11 08:00:00'),
(11, 11, 2, 'False alarm prevention tips', 'Getting too many false alarms from my security system. What are your best practices for reducing false positives?', 0, '2024-01-11 09:30:00', '2024-01-11 09:30:00'),
(12, 12, 3, 'LED strip behind TV setup', 'Want to add LED strips behind my TV that sync with what''s playing. Any recommendations for Home Assistant?', 0, '2024-01-11 10:15:00', '2024-01-11 10:15:00'),
(13, 13, 4, 'Smart radiator valves worth it?', 'Thinking about smart radiator valves for individual room control. Are they worth the investment?', 0, '2024-01-11 11:00:00', '2024-01-11 11:00:00'),
(14, 14, 5, 'Battery backup for power outages', 'What''s the best battery backup solution for keeping Home Assistant running during power outages?', 0, '2024-01-11 12:45:00', '2024-01-11 12:45:00'),
(15, 15, 6, 'Spotify integration not working', 'My Spotify integration keeps disconnecting. Music stops playing after a few minutes. Any fixes?', 0, '2024-01-11 13:30:00', '2024-01-11 13:30:00'),
(16, 16, 7, 'Port forwarding for remote access', 'Want to access Home Assistant remotely. What''s the safest way to set up port forwarding?', 0, '2024-01-11 14:15:00', '2024-01-11 14:15:00'),
(17, 17, 8, 'Database corruption recovery', 'My Home Assistant database got corrupted. How do I recover my history and settings?', 0, '2024-01-11 15:00:00', '2024-01-11 15:00:00'),
(18, 18, 9, 'Beginner''s guide to YAML', 'New to Home Assistant and YAML is confusing. Any good resources for beginners?', 0, '2024-01-11 16:30:00', '2024-01-11 16:30:00'),
(19, 19, 1, 'Smart garage door opener', 'Looking for a smart garage door opener that works with Home Assistant. Security is important to me.', 0, '2024-01-12 07:00:00', '2024-01-12 07:00:00'),
(20, 20, 2, 'Camera recording to NAS', 'Want to record security camera footage to my NAS. What''s the best approach with Home Assistant?', 0, '2024-01-12 08:30:00', '2024-01-12 08:30:00'),
(21, 21, 3, 'Circadian lighting automation', 'Trying to set up circadian lighting that changes color temperature throughout the day. Help needed!', 0, '2024-01-12 09:15:00', '2024-01-12 09:15:00'),
(22, 22, 4, 'Multi-zone HVAC control', 'Have a multi-zone HVAC system. How do I control each zone independently in Home Assistant?', 0, '2024-01-12 10:00:00', '2024-01-12 10:00:00'),
(23, 23, 5, 'Smart water heater scheduling', 'Want to schedule my water heater to save energy. What smart switches work best for this?', 0, '2024-01-12 11:45:00', '2024-01-12 11:45:00'),
(24, 24, 6, 'Home theater automation', 'Looking to automate my home theater setup. Lights dim, projector on, etc. with one button.', 0, '2024-01-12 12:30:00', '2024-01-12 12:30:00'),
(25, 25, 7, 'Network segregation for IoT', 'Should I put my smart home devices on a separate network? How do I set this up?', 0, '2024-01-12 13:15:00', '2024-01-12 13:15:00'),
(26, 26, 8, 'Backup and restore procedures', 'What''s the best way to backup my Home Assistant configuration? Need a reliable restore process.', 0, '2024-01-12 14:00:00', '2024-01-12 14:00:00'),
(27, 27, 9, 'Smart home for elderly parents', 'Setting up Home Assistant for my elderly parents. What are the most useful automations?', 0, '2024-01-12 15:30:00', '2024-01-12 15:30:00'),
(28, 28, 1, 'Smart lock integration guide', 'Just bought a Yale smart lock. Step-by-step guide for integrating with Home Assistant?', 0, '2024-01-13 06:00:00', '2024-01-13 06:00:00'),
(29, 29, 2, 'Motion detection zones', 'How do I set up motion detection zones in my security cameras to avoid false alarms?', 0, '2024-01-13 07:30:00', '2024-01-13 07:30:00'),
(30, 30, 3, 'Smart switch wiring help', 'Need help wiring smart switches in a 3-way configuration. Any electricians here?', 0, '2024-01-13 08:15:00', '2024-01-13 08:15:00'),
(31, 31, 4, 'Heat pump optimization', 'Have a heat pump system. How do I optimize it for efficiency in Home Assistant?', 0, '2024-01-13 09:00:00', '2024-01-13 09:00:00'),
(32, 32, 5, 'Electric vehicle charging', 'Want to automate my EV charging based on solar production. Any integrations available?', 0, '2024-01-13 10:45:00', '2024-01-13 10:45:00'),
(33, 33, 6, 'Voice assistant setup', 'Setting up voice control with Google Assistant. What are the best practices?', 0, '2024-01-13 11:30:00', '2024-01-13 11:30:00'),
(34, 34, 7, 'VPN setup for remote access', 'Want to set up a VPN for secure remote access to Home Assistant. Recommendations?', 0, '2024-01-13 12:15:00', '2024-01-13 12:15:00'),
(35, 35, 8, 'Log analysis and monitoring', 'My logs are getting huge. How do I analyze and monitor Home Assistant logs effectively?', 0, '2024-01-13 13:00:00', '2024-01-13 13:00:00'),
(36, 36, 9, 'Home Assistant vs other platforms', 'Comparing Home Assistant with SmartThings and Hubitat. What are the pros and cons?', 0, '2024-01-13 14:30:00', '2024-01-13 14:30:00'),
(37, 37, 1, 'Smart irrigation system', 'Building a smart irrigation system for my garden. What sensors and valves should I use?', 0, '2024-01-14 05:00:00', '2024-01-14 05:00:00'),
(38, 38, 2, 'Security system arm/disarm', 'Want to automatically arm/disarm my security system based on presence. How to set this up?', 0, '2024-01-14 06:30:00', '2024-01-14 06:30:00'),
(39, 39, 3, 'Holiday lighting automation', 'Setting up holiday lighting that changes colors and patterns. Any good integrations?', 0, '2024-01-14 07:15:00', '2024-01-14 07:15:00'),
(40, 40, 4, 'Smart fireplace control', 'Want to control my gas fireplace with Home Assistant. Safety considerations?', 0, '2024-01-14 08:00:00', '2024-01-14 08:00:00'),
(41, 41, 5, 'Smart pool automation', 'Automating my pool pump, heater, and lights. What devices work best with Home Assistant?', 0, '2024-01-14 09:45:00', '2024-01-14 09:45:00'),
(42, 42, 6, 'Gaming setup automation', 'Want to automate my gaming setup - RGB lighting, streaming setup, etc. Ideas?', 0, '2024-01-14 10:30:00', '2024-01-14 10:30:00'),
(43, 43, 7, 'Network performance monitoring', 'How do I monitor my network performance and device connectivity in Home Assistant?', 0, '2024-01-14 11:15:00', '2024-01-14 11:15:00'),
(44, 44, 8, 'Custom component development', 'Want to develop a custom component for my device. Where do I start?', 0, '2024-01-14 12:00:00', '2024-01-14 12:00:00'),
(45, 45, 9, 'Smart home insurance benefits', 'Do smart home devices help with insurance discounts? What do I need to document?', 0, '2024-01-14 13:30:00', '2024-01-14 13:30:00'),
(46, 46, 1, 'Pet monitoring automation', 'Setting up pet monitoring with cameras and sensors. Any specific integrations?', 0, '2024-01-15 04:00:00', '2024-01-15 04:00:00'),
(47, 47, 2, 'Panic button setup', 'Want to set up a panic button that triggers all security measures. How to implement?', 0, '2024-01-15 05:30:00', '2024-01-15 05:30:00'),
(48, 48, 3, 'Smart mirror with lighting', 'Building a smart mirror with integrated lighting. What components do I need?', 0, '2024-01-15 06:15:00', '2024-01-15 06:15:00'),
(49, 49, 4, 'Humidity control automation', 'Need to control humidity levels automatically. What sensors and devices work best?', 0, '2024-01-15 07:00:00', '2024-01-15 07:00:00'),
(50, 50, 5, 'Smart greenhouse monitoring', 'Setting up monitoring for my greenhouse - temperature, humidity, soil moisture. Help!', 0, '2024-01-15 08:45:00', '2024-01-15 08:45:00');

-- Insert test forum replies (100 records)
-- Mix of direct topic replies (parent_reply_id = NULL) and threaded replies (parent_reply_id = reply_id)
INSERT IGNORE INTO forum_replies (id, topic_id, user_id, parent_reply_id, content, status, created_at, updated_at) VALUES
(1, 1, 2, NULL, 'For PIR sensors, I recommend the Aqara motion sensors. They work great with Home Assistant and have good battery life.', 0, '2024-01-10 09:30:00', '2024-01-10 09:30:00'),
(2, 1, 3, NULL, 'Make sure to adjust the sensitivity settings in the device configuration. Too sensitive and you''ll get false positives.', 0, '2024-01-10 10:00:00', '2024-01-10 10:00:00'),
(3, 2, 4, NULL, 'I use Reolink cameras and they work perfectly with Home Assistant. Great night vision and weatherproof.', 0, '2024-01-10 11:00:00', '2024-01-10 11:00:00'),
(4, 2, 5, NULL, 'Consider the Unifi Protect cameras if you want professional grade. Bit pricier but worth it.', 0, '2024-01-10 11:30:00', '2024-01-10 11:30:00'),
(5, 3, 6, NULL, 'Check if your automations are using the correct entity IDs. Sometimes they change after updates.', 0, '2024-01-10 12:00:00', '2024-01-10 12:00:00'),
(6, 3, 7, NULL, 'Try using the trace feature in automations to see exactly where it''s failing.', 0, '2024-01-10 12:30:00', '2024-01-10 12:30:00'),
(7, 4, 8, NULL, 'This is a known issue with Nest integration. Try restarting the integration or check the logs.', 0, '2024-01-10 13:00:00', '2024-01-10 13:00:00'),
(8, 4, 9, NULL, 'I had the same problem. Updating to the latest version fixed it for me.', 0, '2024-01-10 13:30:00', '2024-01-10 13:30:00'),
(9, 5, 10, NULL, 'You''ll need a power meter that supports MQTT or Modbus. SolarEdge has good integrations.', 0, '2024-01-10 14:00:00', '2024-01-10 14:00:00'),
(10, 5, 11, NULL, 'Don''t forget to add weather data for better solar predictions. OpenWeatherMap works well.', 0, '2024-01-10 14:30:00', '2024-01-10 14:30:00'),
(11, 6, 12, NULL, 'Make sure Plex server is on the same network and check firewall settings.', 0, '2024-01-10 15:00:00', '2024-01-10 15:00:00'),
(12, 6, 13, NULL, 'Try manually adding the Plex server IP address in the integration settings.', 0, '2024-01-10 15:30:00', '2024-01-10 15:30:00'),
(13, 7, 14, NULL, 'I use Eero Pro 6 mesh system. Works great with 50+ smart devices.', 0, '2024-01-10 16:00:00', '2024-01-10 16:00:00'),
(14, 7, 15, NULL, 'UniFi Dream Machine is excellent if you want more control over your network.', 0, '2024-01-10 16:30:00', '2024-01-10 16:30:00'),
(15, 8, 16, NULL, 'Try unplugging the coordinator for 30 seconds and plug it back in. Sometimes helps.', 0, '2024-01-10 17:00:00', '2024-01-10 17:00:00'),
(16, 8, 17, NULL, 'Check if there are any interference issues. Move the coordinator away from WiFi routers.', 0, '2024-01-10 17:30:00', '2024-01-10 17:30:00'),
(17, 9, 18, NULL, 'Love this topic! My automation turns on the coffee maker when my alarm goes off.', 0, '2024-01-10 18:00:00', '2024-01-10 18:00:00'),
(18, 9, 19, NULL, 'I have an automation that dims all lights when I start watching a movie. Super convenient!', 0, '2024-01-10 18:30:00', '2024-01-10 18:30:00'),
(19, 10, 20, NULL, 'Ring integration is built into Home Assistant. Just add it through the integrations page.', 0, '2024-01-11 08:30:00', '2024-01-11 08:30:00'),
(20, 10, 21, NULL, 'Make sure to enable the webhook in Ring settings for instant notifications.', 0, '2024-01-11 09:00:00', '2024-01-11 09:00:00'),
(21, 11, 22, NULL, 'Use object detection to filter out animals and moving plants. Reduces false alarms significantly.', 0, '2024-01-11 09:45:00', '2024-01-11 09:45:00'),
(22, 11, 23, NULL, 'I set up specific zones for detection. Only alert if motion is detected in critical areas.', 0, '2024-01-11 10:15:00', '2024-01-11 10:15:00'),
(23, 12, 24, NULL, 'Govee LED strips work great with Home Assistant. They have good color accuracy.', 0, '2024-01-11 10:45:00', '2024-01-11 10:45:00'),
(24, 12, 25, NULL, 'For syncing with TV content, check out the Hyperion integration. It''s amazing!', 0, '2024-01-11 11:15:00', '2024-01-11 11:15:00'),
(25, 13, 26, NULL, 'I installed smart TRVs last year. They save about 15% on heating bills. Worth it!', 0, '2024-01-11 11:30:00', '2024-01-11 11:30:00'),
(26, 13, 27, NULL, 'Make sure your radiators are properly balanced before installing smart valves.', 0, '2024-01-11 12:00:00', '2024-01-11 12:00:00'),
(27, 14, 28, NULL, 'I use an APC UPS with Home Assistant. Gives me about 4 hours of runtime.', 0, '2024-01-11 13:00:00', '2024-01-11 13:00:00'),
(28, 14, 29, NULL, 'Consider a whole-house battery backup if you have solar panels. More expensive but comprehensive.', 0, '2024-01-11 13:30:00', '2024-01-11 13:30:00'),
(29, 15, 30, NULL, 'Try re-authenticating the Spotify integration. Sometimes the token expires.', 0, '2024-01-11 14:00:00', '2024-01-11 14:00:00'),
(30, 15, 31, NULL, 'I had this issue too. Updating to the latest Spotify integration version fixed it.', 0, '2024-01-11 14:30:00', '2024-01-11 14:30:00'),
(31, 16, 32, NULL, 'I strongly recommend using a VPN instead of port forwarding. Much safer.', 0, '2024-01-11 15:00:00', '2024-01-11 15:00:00'),
(32, 16, 33, NULL, 'If you must use port forwarding, change the default port and enable SSL.', 0, '2024-01-11 15:30:00', '2024-01-11 15:30:00'),
(33, 17, 34, NULL, 'Check if you have backups enabled. You might be able to restore from a backup.', 0, '2024-01-11 16:00:00', '2024-01-11 16:00:00'),
(34, 17, 35, NULL, 'Try the database recovery tools in the Home Assistant documentation.', 0, '2024-01-11 16:30:00', '2024-01-11 16:30:00'),
(35, 18, 36, NULL, 'The official Home Assistant documentation has great YAML tutorials.', 0, '2024-01-11 17:00:00', '2024-01-11 17:00:00'),
(36, 18, 37, NULL, 'I recommend starting with simple automations and gradually building complexity.', 0, '2024-01-11 17:30:00', '2024-01-11 17:30:00'),
(37, 19, 38, NULL, 'MyQ garage door openers work well with Home Assistant. Easy to integrate.', 0, '2024-01-12 07:30:00', '2024-01-12 07:30:00'),
(38, 19, 39, NULL, 'For better security, consider adding a tilt sensor to detect if door is manually opened.', 0, '2024-01-12 08:00:00', '2024-01-12 08:00:00'),
(39, 20, 40, NULL, 'I use Frigate for camera recordings to NAS. It has great object detection features.', 0, '2024-01-12 08:45:00', '2024-01-12 08:45:00'),
(40, 20, 41, NULL, 'Make sure your NAS has enough storage. Camera recordings can take up a lot of space.', 0, '2024-01-12 09:15:00', '2024-01-12 09:15:00'),
(41, 21, 42, NULL, 'I use the Adaptive Lighting integration. It automatically adjusts color temperature throughout the day.', 0, '2024-01-12 09:45:00', '2024-01-12 09:45:00'),
(42, 21, 43, NULL, 'Make sure your bulbs support color temperature changes. Not all smart bulbs do.', 0, '2024-01-12 10:15:00', '2024-01-12 10:15:00'),
(43, 22, 44, NULL, 'You''ll need smart thermostats for each zone. Ecobee and Honeywell make good multi-zone systems.', 0, '2024-01-12 10:30:00', '2024-01-12 10:30:00'),
(44, 22, 45, NULL, 'Consider the initial cost vs energy savings. Multi-zone control can be expensive to set up.', 0, '2024-01-12 11:00:00', '2024-01-12 11:00:00'),
(45, 23, 46, NULL, 'I use a Shelly 1PM switch for my water heater. It monitors power consumption too.', 0, '2024-01-12 12:00:00', '2024-01-12 12:00:00'),
(46, 23, 47, NULL, 'Make sure the switch is rated for the amperage of your water heater. Safety first!', 0, '2024-01-12 12:30:00', '2024-01-12 12:30:00'),
(47, 24, 48, NULL, 'I use scenes for this. One scene activates projector, dims lights, closes curtains, etc.', 0, '2024-01-12 13:00:00', '2024-01-12 13:00:00'),
(48, 24, 49, NULL, 'Consider adding IR blasters to control older equipment that doesn''t have smart features.', 0, '2024-01-12 13:30:00', '2024-01-12 13:30:00'),
(49, 25, 50, NULL, 'Yes, definitely isolate IoT devices. I use VLANs to separate them from my main network.', 0, '2024-01-12 14:00:00', '2024-01-12 14:00:00'),
(50, 25, 1, NULL, 'pfSense makes it easy to set up network segregation. Lots of good tutorials online.', 0, '2024-01-12 14:30:00', '2024-01-12 14:30:00'),
(51, 26, 2, NULL, 'I use the built-in Google Drive backup addon. Automatic daily backups to cloud.', 0, '2024-01-12 15:00:00', '2024-01-12 15:00:00'),
(52, 26, 3, NULL, 'Don''t forget to backup your Z-Wave and Zigbee network keys separately.', 0, '2024-01-12 15:30:00', '2024-01-12 15:30:00'),
(53, 27, 4, NULL, 'Focus on lighting automation and simple presence detection. Keep it simple for elderly users.', 0, '2024-01-12 16:00:00', '2024-01-12 16:00:00'),
(54, 27, 5, NULL, 'Add medication reminders and emergency buttons. Very useful for elderly parents.', 0, '2024-01-12 16:30:00', '2024-01-12 16:30:00'),
(55, 28, 6, NULL, 'Yale locks integrate through Z-Wave. Make sure you have a Z-Wave controller.', 0, '2024-01-13 06:30:00', '2024-01-13 06:30:00'),
(56, 28, 7, NULL, 'Test the lock thoroughly before relying on it. Smart locks can be finicky.', 0, '2024-01-13 07:00:00', '2024-01-13 07:00:00'),
(57, 29, 8, NULL, 'Use the camera''s web interface to set up detection zones. Avoid areas with trees or bushes.', 0, '2024-01-13 08:00:00', '2024-01-13 08:00:00'),
(58, 29, 9, NULL, 'I recommend creating multiple zones with different sensitivity levels.', 0, '2024-01-13 08:30:00', '2024-01-13 08:30:00'),
(59, 30, 10, NULL, 'For 3-way switches, make sure you have a neutral wire. Some smart switches require it.', 0, '2024-01-13 09:00:00', '2024-01-13 09:00:00'),
(60, 30, 11, NULL, 'Consider hiring an electrician if you''re not comfortable with electrical work.', 0, '2024-01-13 09:30:00', '2024-01-13 09:30:00'),
(61, 31, 12, NULL, 'Heat pumps work best with gradual temperature changes. Avoid large temperature swings.', 0, '2024-01-13 10:00:00', '2024-01-13 10:00:00'),
(62, 31, 13, NULL, 'Use the heat pump''s built-in scheduling if available. It knows the system best.', 0, '2024-01-13 10:30:00', '2024-01-13 10:30:00'),
(63, 32, 14, NULL, 'I use the Tesla integration for my Model 3. Works great with solar excess charging.', 0, '2024-01-13 11:15:00', '2024-01-13 11:15:00'),
(64, 32, 15, NULL, 'Make sure your charger can be controlled remotely. Not all chargers support this.', 0, '2024-01-13 11:45:00', '2024-01-13 11:45:00'),
(65, 33, 16, NULL, 'Google Assistant integration is straightforward. Just follow the official guide.', 0, '2024-01-13 12:00:00', '2024-01-13 12:00:00'),
(66, 33, 17, NULL, 'Start with simple voice commands and gradually add more complex ones.', 0, '2024-01-13 12:30:00', '2024-01-13 12:30:00'),
(67, 34, 18, NULL, 'WireGuard VPN is fast and secure. I highly recommend it over OpenVPN.', 0, '2024-01-13 13:00:00', '2024-01-13 13:00:00'),
(68, 34, 19, NULL, 'Many routers now have built-in VPN servers. Check if yours supports it.', 0, '2024-01-13 13:30:00', '2024-01-13 13:30:00'),
(69, 35, 20, NULL, 'Use log level filtering to reduce noise. Only log warnings and errors in production.', 0, '2024-01-13 14:00:00', '2024-01-13 14:00:00'),
(70, 35, 21, NULL, 'I use Grafana and Prometheus for log monitoring. Great visualization tools.', 0, '2024-01-13 14:30:00', '2024-01-13 14:30:00'),
(71, 36, 22, NULL, 'Home Assistant has much better automation capabilities than SmartThings.', 0, '2024-01-13 15:00:00', '2024-01-13 15:00:00'),
(72, 36, 23, NULL, 'The learning curve is steeper but the flexibility is worth it in the long run.', 0, '2024-01-13 15:30:00', '2024-01-13 15:30:00'),
(73, 37, 24, NULL, 'I use soil moisture sensors and smart valves controlled by Home Assistant.', 0, '2024-01-14 05:30:00', '2024-01-14 05:30:00'),
(74, 37, 25, NULL, 'Don''t forget to add weather data to prevent watering during rain.', 0, '2024-01-14 06:00:00', '2024-01-14 06:00:00'),
(75, 38, 26, NULL, 'I use presence detection combined with time-based conditions for arming.', 0, '2024-01-14 07:00:00', '2024-01-14 07:00:00'),
(76, 38, 27, NULL, 'Make sure you have a manual override in case the automation fails.', 0, '2024-01-14 07:30:00', '2024-01-14 07:30:00'),
(77, 39, 28, NULL, 'WLED is perfect for holiday lighting. Tons of effects and patterns available.', 0, '2024-01-14 08:00:00', '2024-01-14 08:00:00'),
(78, 39, 29, NULL, 'I create different scenes for different holidays. Makes it easy to switch themes.', 0, '2024-01-14 08:30:00', '2024-01-14 08:30:00'),
(79, 40, 30, NULL, 'Safety is crucial with gas appliances. Make sure you have proper sensors and shutoffs.', 0, '2024-01-14 09:00:00', '2024-01-14 09:00:00'),
(80, 40, 31, NULL, 'I use a combination of temperature sensors and manual controls for my fireplace.', 0, '2024-01-14 09:30:00', '2024-01-14 09:30:00'),
(81, 41, 32, NULL, 'I automated my pool with Pentair equipment. Works great with Home Assistant.', 0, '2024-01-14 10:15:00', '2024-01-14 10:15:00'),
(82, 41, 33, NULL, 'Don''t forget to add chemical monitoring if you want full automation.', 0, '2024-01-14 10:45:00', '2024-01-14 10:45:00'),
(83, 42, 34, NULL, 'I use scenes that activate based on what game I''m playing. RGB lighting matches the game.', 0, '2024-01-14 11:00:00', '2024-01-14 11:00:00'),
(84, 42, 35, NULL, 'OBS integration allows automatic scene switching when I start streaming.', 0, '2024-01-14 11:30:00', '2024-01-14 11:30:00'),
(85, 43, 36, NULL, 'I use ping sensors and speedtest integration to monitor network performance.', 0, '2024-01-14 12:00:00', '2024-01-14 12:00:00'),
(86, 43, 37, NULL, 'PRTG is also great for comprehensive network monitoring if you want more features.', 0, '2024-01-14 12:30:00', '2024-01-14 12:30:00'),
(87, 44, 38, NULL, 'Start with the developer documentation. It has good examples and tutorials.', 0, '2024-01-14 13:00:00', '2024-01-14 13:00:00'),
(88, 44, 39, NULL, 'Join the Home Assistant Discord for help with custom component development.', 0, '2024-01-14 13:30:00', '2024-01-14 13:30:00'),
(89, 45, 40, NULL, 'Some insurers offer discounts for security systems and smart smoke detectors.', 0, '2024-01-14 14:00:00', '2024-01-14 14:00:00'),
(90, 45, 41, NULL, 'Document everything with photos and keep receipts. Helps with insurance claims.', 0, '2024-01-14 14:30:00', '2024-01-14 14:30:00'),
(91, 46, 42, NULL, 'I use cameras with AI pet detection. Helps track my dog''s activity throughout the day.', 0, '2024-01-15 04:30:00', '2024-01-15 04:30:00'),
(92, 46, 43, NULL, 'Consider adding automated feeding systems that can be controlled remotely.', 0, '2024-01-15 05:00:00', '2024-01-15 05:00:00'),
(93, 47, 44, NULL, 'I use a combination of door sensors and buttons to trigger emergency protocols.', 0, '2024-01-15 06:00:00', '2024-01-15 06:00:00'),
(94, 47, 45, NULL, 'Test your panic button system regularly to make sure it works when needed.', 0, '2024-01-15 06:30:00', '2024-01-15 06:30:00'),
(95, 48, 46, NULL, 'I used a two-way mirror, Raspberry Pi, and LED strips for my smart mirror.', 0, '2024-01-15 07:00:00', '2024-01-15 07:00:00'),
(96, 48, 47, NULL, 'MagicMirror software works well with Home Assistant for displaying information.', 0, '2024-01-15 07:30:00', '2024-01-15 07:30:00'),
(97, 49, 48, NULL, 'I use SHT30 sensors for temperature and humidity monitoring. Very accurate.', 0, '2024-01-15 08:00:00', '2024-01-15 08:00:00'),
(98, 49, 49, NULL, 'Don''t forget to add dehumidifiers that can be controlled automatically.', 0, '2024-01-15 08:30:00', '2024-01-15 08:30:00'),
(99, 50, 50, NULL, 'I use multiple sensors throughout my greenhouse for comprehensive monitoring.', 0, '2024-01-15 09:15:00', '2024-01-15 09:15:00'),
(100, 50, 1, NULL, 'Consider adding automated ventilation controls based on temperature and humidity.', 0, '2024-01-15 09:45:00', '2024-01-15 09:45:00');

-- Add some threaded replies (reply-to-reply examples)
-- NOTE: Records 29-100 in the previous insert need NULL values for parent_reply_id for direct topic replies
-- The following are examples of reply-to-reply threading
INSERT IGNORE INTO forum_replies (id, topic_id, user_id, parent_reply_id, content, status, created_at, updated_at) VALUES
(101, 1, 4, 1, 'Great recommendation! I second the Aqara sensors. Which model specifically do you recommend?', 0, '2024-01-10 10:15:00', '2024-01-10 10:15:00'),
(102, 1, 2, 101, 'I use the RTCGQ11LM model. It has excellent range and battery life lasts about 2 years.', 0, '2024-01-10 10:45:00', '2024-01-10 10:45:00'),
(103, 1, 5, 2, 'How do you adjust the sensitivity? I can''t find that setting in the device configuration.', 0, '2024-01-10 11:00:00', '2024-01-10 11:00:00'),
(104, 1, 3, 103, 'Go to Settings > Devices & Services > Zigbee > Select your device > Configure. Look for sensitivity slider.', 0, '2024-01-10 11:30:00', '2024-01-10 11:30:00'),
(105, 2, 6, 3, 'I''m considering Reolink too. Do you have any issues with their RTSP streams?', 0, '2024-01-10 12:00:00', '2024-01-10 12:00:00'),
(106, 2, 4, 105, 'No issues at all. RTSP streams work perfectly. Just make sure to use the correct port (554).', 0, '2024-01-10 12:30:00', '2024-01-10 12:30:00'),
(107, 2, 7, 4, 'UniFi is great but the initial setup can be complex. Worth it if you want professional features.', 0, '2024-01-10 13:00:00', '2024-01-10 13:00:00'),
(108, 2, 5, 107, 'Agreed. The learning curve is steep but the quality and features are unmatched.', 0, '2024-01-10 13:30:00', '2024-01-10 13:30:00'),
(109, 3, 8, 5, 'Entity IDs changing is so frustrating! Is there a way to prevent this?', 0, '2024-01-10 14:00:00', '2024-01-10 14:00:00'),
(110, 3, 6, 109, 'You can customize entity IDs in the device settings to make them permanent. Helps a lot!', 0, '2024-01-10 14:30:00', '2024-01-10 14:30:00'),
(111, 4, 10, 7, 'I tried restarting but it didn''t help. Should I remove and re-add the integration?', 0, '2024-01-10 15:00:00', '2024-01-10 15:00:00'),
(112, 4, 8, 111, 'Before removing, try clearing the integration cache first. Sometimes that fixes it.', 0, '2024-01-10 15:30:00', '2024-01-10 15:30:00'),
(113, 5, 12, 9, 'SolarEdge is expensive though. Are there cheaper alternatives with similar features?', 0, '2024-01-10 16:00:00', '2024-01-10 16:00:00'),
(114, 5, 10, 113, 'You could try the Fronius integration if you have a Fronius inverter. Much cheaper.', 0, '2024-01-10 16:30:00', '2024-01-10 16:30:00'),
(115, 7, 16, 13, 'How many devices do you have connected to your Eero system?', 0, '2024-01-10 17:00:00', '2024-01-10 17:00:00'),
(116, 7, 14, 115, 'I have 67 devices currently. Mix of WiFi and Zigbee through Home Assistant.', 0, '2024-01-10 17:30:00', '2024-01-10 17:30:00'),
(117, 9, 20, 17, 'Coffee maker automation sounds amazing! How do you trigger it exactly?', 0, '2024-01-10 18:15:00', '2024-01-10 18:15:00'),
(118, 9, 18, 117, 'I use a smart switch on the coffee maker and trigger it 5 minutes before my alarm. Works perfectly!', 0, '2024-01-10 18:45:00', '2024-01-10 18:45:00'),
(119, 12, 26, 23, 'Are Govee strips compatible with Hyperion? That would be the perfect combo.', 0, '2024-01-11 11:00:00', '2024-01-11 11:00:00'),
(120, 12, 24, 119, 'Yes! Govee strips work great with Hyperion. Just need to configure the LED count and layout.', 0, '2024-01-11 11:30:00', '2024-01-11 11:30:00');

-- Insert test forum drafts (10 records)
INSERT IGNORE INTO forum_drafts (id, user_id, type, topic_id, title, content, category_id, created_at, updated_at) VALUES
(1, 1, 'topic', NULL, 'Setting up Z-Wave mesh network', 'I''m planning to set up a Z-Wave mesh network for my smart home devices. What are the best practices for...', 1, '2024-01-16 10:00:00', '2024-01-16 10:00:00'),
(2, 5, 'topic', NULL, 'Battery monitoring for solar system', 'Need advice on monitoring battery levels and health for my solar power system. Looking for sensors that integrate with...', 5, '2024-01-16 11:00:00', '2024-01-16 11:00:00'),
(3, 10, 'topic', NULL, 'Smart sprinkler system design', 'Working on designing a smart sprinkler system for my garden. Want to include weather data and soil moisture...', 1, '2024-01-16 12:00:00', '2024-01-16 12:00:00'),
(4, 15, 'reply', 1, NULL, 'I''ve been using Zooz Z-Wave devices and they work really well. The key is to have enough powered devices to create a strong mesh...', NULL, '2024-01-16 13:00:00', '2024-01-16 13:00:00'),
(5, 20, 'reply', 5, NULL, 'For solar monitoring, I recommend looking into the SolarEdge integration. It provides detailed panel-level monitoring and...', NULL, '2024-01-16 14:00:00', '2024-01-16 14:00:00'),
(6, 25, 'reply', 12, NULL, 'I use Govee LED strips behind my TV and they work perfectly with Home Assistant. The color accuracy is really good and...', NULL, '2024-01-16 15:00:00', '2024-01-16 15:00:00'),
(7, 30, 'reply', 18, NULL, 'For YAML beginners, I always recommend starting with the automation editor in the UI first. Once you understand the structure...', NULL, '2024-01-16 16:00:00', '2024-01-16 16:00:00'),
(8, 35, 'reply', 25, NULL, 'Network segregation is definitely important for security. I use separate VLANs for IoT devices and guest networks...', NULL, '2024-01-16 17:00:00', '2024-01-16 17:00:00'),
(9, 40, 'reply', 35, NULL, 'For log analysis, I use the built-in logger component with custom log levels. You can also integrate with external tools like...', NULL, '2024-01-16 18:00:00', '2024-01-16 18:00:00'),
(10, 45, 'reply', 44, NULL, 'Custom component development can be tricky at first. Start by looking at existing components in the Home Assistant core repository...', NULL, '2024-01-16 19:00:00', '2024-01-16 19:00:00');

-- Insert test forum topic likes (30 records)
INSERT IGNORE INTO forum_topic_likes (id, topic_id, user_id, created_at) VALUES
(1, 1, 5, '2024-01-10 09:15:00'),
(2, 1, 8, '2024-01-10 09:30:00'),
(3, 1, 12, '2024-01-10 10:00:00'),
(4, 2, 3, '2024-01-10 10:45:00'),
(5, 2, 7, '2024-01-10 11:15:00'),
(6, 3, 2, '2024-01-10 11:30:00'),
(7, 3, 9, '2024-01-10 12:15:00'),
(8, 3, 15, '2024-01-10 12:45:00'),
(9, 4, 6, '2024-01-10 12:30:00'),
(10, 4, 11, '2024-01-10 13:15:00'),
(11, 5, 4, '2024-01-10 14:15:00'),
(12, 5, 13, '2024-01-10 14:45:00'),
(13, 6, 1, '2024-01-10 15:15:00'),
(14, 6, 14, '2024-01-10 15:45:00'),
(15, 7, 10, '2024-01-10 16:15:00'),
(16, 9, 16, '2024-01-10 18:15:00'),
(17, 9, 17, '2024-01-10 18:45:00'),
(18, 9, 18, '2024-01-10 19:15:00'),
(19, 10, 19, '2024-01-11 08:45:00'),
(20, 12, 20, '2024-01-11 10:30:00'),
(21, 15, 21, '2024-01-11 14:00:00'),
(22, 18, 22, '2024-01-11 17:00:00'),
(23, 21, 23, '2024-01-12 09:30:00'),
(24, 24, 24, '2024-01-12 13:00:00'),
(25, 27, 25, '2024-01-12 16:00:00'),
(26, 30, 26, '2024-01-13 08:30:00'),
(27, 33, 27, '2024-01-13 12:00:00'),
(28, 36, 28, '2024-01-13 15:00:00'),
(29, 42, 29, '2024-01-14 11:00:00'),
(30, 45, 30, '2024-01-14 14:00:00');

-- Insert test forum reply likes (40 records)
INSERT IGNORE INTO forum_reply_likes (id, reply_id, user_id, created_at) VALUES
(1, 1, 3, '2024-01-10 09:45:00'),
(2, 1, 6, '2024-01-10 10:15:00'),
(3, 3, 2, '2024-01-10 11:15:00'),
(4, 3, 8, '2024-01-10 11:45:00'),
(5, 5, 4, '2024-01-10 12:15:00'),
(6, 7, 5, '2024-01-10 13:15:00'),
(7, 9, 7, '2024-01-10 14:15:00'),
(8, 9, 12, '2024-01-10 14:45:00'),
(9, 11, 9, '2024-01-10 15:15:00'),
(10, 13, 10, '2024-01-10 16:15:00'),
(11, 13, 16, '2024-01-10 16:45:00'),
(12, 15, 11, '2024-01-10 17:15:00'),
(13, 17, 13, '2024-01-10 18:15:00'),
(14, 17, 20, '2024-01-10 18:45:00'),
(15, 19, 14, '2024-01-11 08:45:00'),
(16, 21, 15, '2024-01-11 10:00:00'),
(17, 23, 17, '2024-01-11 11:00:00'),
(18, 25, 18, '2024-01-11 11:45:00'),
(19, 25, 26, '2024-01-11 12:15:00'),
(20, 27, 19, '2024-01-11 13:15:00'),
(21, 29, 21, '2024-01-11 14:15:00'),
(22, 31, 22, '2024-01-11 15:15:00'),
(23, 33, 23, '2024-01-11 16:15:00'),
(24, 35, 24, '2024-01-11 17:15:00'),
(25, 37, 25, '2024-01-12 07:45:00'),
(26, 39, 27, '2024-01-12 09:00:00'),
(27, 41, 28, '2024-01-12 10:00:00'),
(28, 43, 29, '2024-01-12 10:45:00'),
(29, 45, 30, '2024-01-12 12:15:00'),
(30, 47, 31, '2024-01-12 13:15:00'),
(31, 49, 32, '2024-01-12 14:15:00'),
(32, 51, 33, '2024-01-12 15:15:00'),
(33, 53, 34, '2024-01-12 16:15:00'),
(34, 55, 35, '2024-01-13 06:45:00'),
(35, 57, 36, '2024-01-13 08:15:00'),
(36, 59, 37, '2024-01-13 09:15:00'),
(37, 61, 38, '2024-01-13 10:15:00'),
(38, 63, 39, '2024-01-13 11:30:00'),
(39, 65, 40, '2024-01-13 12:15:00'),
(40, 67, 41, '2024-01-13 13:15:00');

-- Insert test forum uploads (15 records)
INSERT IGNORE INTO forum_uploads (id, user_id, upload_id, filename, original_filename, file_size, mime_type, file_path, file_url, entity_type, entity_id, status, created_at, updated_at) VALUES
(1, 1, 'upload_1705920000001', 'motion_sensor_wiring.jpg', 'PIR_Sensor_Wiring_Diagram.jpg', 245760, 'image/jpeg', '/uploads/forum/2024/01/motion_sensor_wiring.jpg', 'https://api.example.com/uploads/forum/2024/01/motion_sensor_wiring.jpg', 'topic', 1, 1, '2024-01-10 09:00:00', '2024-01-10 09:00:00'),
(2, 2, 'upload_1705923600002', 'outdoor_camera_setup.jpg', 'Security_Camera_Installation.jpg', 512000, 'image/jpeg', '/uploads/forum/2024/01/outdoor_camera_setup.jpg', 'https://api.example.com/uploads/forum/2024/01/outdoor_camera_setup.jpg', 'topic', 2, 1, '2024-01-10 10:30:00', '2024-01-10 10:30:00'),
(3, 3, 'upload_1705926300003', 'hue_automation_config.png', 'Hue_Automation_Screenshot.png', 189440, 'image/png', '/uploads/forum/2024/01/hue_automation_config.png', 'https://api.example.com/uploads/forum/2024/01/hue_automation_config.png', 'topic', 3, 1, '2024-01-10 11:15:00', '2024-01-10 11:15:00'),
(4, 5, 'upload_1705932900004', 'solar_monitoring_dashboard.png', 'Solar_Dashboard_Screenshot.png', 367616, 'image/png', '/uploads/forum/2024/01/solar_monitoring_dashboard.png', 'https://api.example.com/uploads/forum/2024/01/solar_monitoring_dashboard.png', 'topic', 5, 1, '2024-01-10 13:45:00', '2024-01-10 13:45:00'),
(5, 7, 'upload_1705938900005', 'network_topology.pdf', 'Home_Network_Diagram.pdf', 1024000, 'application/pdf', '/uploads/forum/2024/01/network_topology.pdf', 'https://api.example.com/uploads/forum/2024/01/network_topology.pdf', 'topic', 7, 1, '2024-01-10 15:15:00', '2024-01-10 15:15:00'),
(6, 12, 'upload_1705998900006', 'led_strip_behind_tv.jpg', 'TV_LED_Strip_Setup.jpg', 421888, 'image/jpeg', '/uploads/forum/2024/01/led_strip_behind_tv.jpg', 'https://api.example.com/uploads/forum/2024/01/led_strip_behind_tv.jpg', 'topic', 12, 1, '2024-01-11 10:15:00', '2024-01-11 10:15:00'),
(7, 14, 'upload_1706009700007', 'ups_battery_backup.jpg', 'UPS_Installation_Photo.jpg', 334848, 'image/jpeg', '/uploads/forum/2024/01/ups_battery_backup.jpg', 'https://api.example.com/uploads/forum/2024/01/ups_battery_backup.jpg', 'topic', 14, 1, '2024-01-11 12:45:00', '2024-01-11 12:45:00'),
(8, 19, 'upload_1706079600008', 'garage_door_sensor.jpg', 'Smart_Garage_Door_Setup.jpg', 278528, 'image/jpeg', '/uploads/forum/2024/01/garage_door_sensor.jpg', 'https://api.example.com/uploads/forum/2024/01/garage_door_sensor.jpg', 'topic', 19, 1, '2024-01-12 07:00:00', '2024-01-12 07:00:00'),
(9, 24, 'upload_1706098200009', 'home_theater_automation.jpg', 'Theater_Control_Panel.jpg', 456704, 'image/jpeg', '/uploads/forum/2024/01/home_theater_automation.jpg', 'https://api.example.com/uploads/forum/2024/01/home_theater_automation.jpg', 'topic', 24, 1, '2024-01-12 12:30:00', '2024-01-12 12:30:00'),
(10, 28, 'upload_1706158800010', 'smart_lock_installation.jpg', 'Yale_Lock_Installation.jpg', 389120, 'image/jpeg', '/uploads/forum/2024/01/smart_lock_installation.jpg', 'https://api.example.com/uploads/forum/2024/01/smart_lock_installation.jpg', 'topic', 28, 1, '2024-01-13 06:00:00', '2024-01-13 06:00:00'),
(11, 37, 'upload_1706245200011', 'irrigation_system_diagram.png', 'Smart_Irrigation_Layout.png', 512000, 'image/png', '/uploads/forum/2024/01/irrigation_system_diagram.png', 'https://api.example.com/uploads/forum/2024/01/irrigation_system_diagram.png', 'topic', 37, 1, '2024-01-14 05:00:00', '2024-01-14 05:00:00'),
(12, 42, 'upload_1706266200012', 'gaming_rgb_setup.jpg', 'Gaming_Room_RGB_Lights.jpg', 445440, 'image/jpeg', '/uploads/forum/2024/01/gaming_rgb_setup.jpg', 'https://api.example.com/uploads/forum/2024/01/gaming_rgb_setup.jpg', 'topic', 42, 1, '2024-01-14 10:30:00', '2024-01-14 10:30:00'),
(13, 48, 'upload_1706329800013', 'smart_mirror_build.jpg', 'Smart_Mirror_Components.jpg', 367616, 'image/jpeg', '/uploads/forum/2024/01/smart_mirror_build.jpg', 'https://api.example.com/uploads/forum/2024/01/smart_mirror_build.jpg', 'topic', 48, 1, '2024-01-15 06:15:00', '2024-01-15 06:15:00'),
(14, 4, 'upload_1706345600014', 'nest_thermostat_logs.txt', 'Thermostat_Error_Logs.txt', 8192, 'text/plain', '/uploads/forum/2024/01/nest_thermostat_logs.txt', 'https://api.example.com/uploads/forum/2024/01/nest_thermostat_logs.txt', 'reply', 7, 1, '2024-01-13 13:00:00', '2024-01-13 13:00:00'),
(15, 25, 'upload_1706345700015', 'network_config.yaml', 'pfSense_VLAN_Config.yaml', 4096, 'text/yaml', '/uploads/forum/2024/01/network_config.yaml', 'https://api.example.com/uploads/forum/2024/01/network_config.yaml', 'reply', 49, 1, '2024-01-12 14:30:00', '2024-01-12 14:30:00');

-- Insert test forum upload chunks (20 records for chunked uploads)
INSERT IGNORE INTO forum_upload_chunks (id, upload_id, chunk_index, chunk_size, chunk_hash, status, created_at, updated_at) VALUES
(1, 'upload_1705920000001', 0, 65536, 'a1b2c3d4e5f6789012345678901234567890123456789012345678901234567890', 1, '2024-01-10 08:58:00', '2024-01-10 08:58:00'),
(2, 'upload_1705920000001', 1, 65536, 'b2c3d4e5f6789012345678901234567890123456789012345678901234567890a1', 1, '2024-01-10 08:58:30', '2024-01-10 08:58:30'),
(3, 'upload_1705920000001', 2, 65536, 'c3d4e5f6789012345678901234567890123456789012345678901234567890a1b2', 1, '2024-01-10 08:59:00', '2024-01-10 08:59:00'),
(4, 'upload_1705920000001', 3, 49152, 'd4e5f6789012345678901234567890123456789012345678901234567890a1b2c3', 1, '2024-01-10 08:59:30', '2024-01-10 08:59:30'),
(5, 'upload_1705923600002', 0, 65536, 'e5f6789012345678901234567890123456789012345678901234567890a1b2c3d4', 1, '2024-01-10 10:28:00', '2024-01-10 10:28:00'),
(6, 'upload_1705923600002', 1, 65536, 'f6789012345678901234567890123456789012345678901234567890a1b2c3d4e5', 1, '2024-01-10 10:28:30', '2024-01-10 10:28:30'),
(7, 'upload_1705923600002', 2, 65536, '789012345678901234567890123456789012345678901234567890a1b2c3d4e5f6', 1, '2024-01-10 10:29:00', '2024-01-10 10:29:00'),
(8, 'upload_1705923600002', 3, 65536, '89012345678901234567890123456789012345678901234567890a1b2c3d4e5f678', 1, '2024-01-10 10:29:30', '2024-01-10 10:29:30'),
(9, 'upload_1705923600002', 4, 65536, '9012345678901234567890123456789012345678901234567890a1b2c3d4e5f6789', 1, '2024-01-10 10:30:00', '2024-01-10 10:30:00'),
(10, 'upload_1705923600002', 5, 65536, '012345678901234567890123456789012345678901234567890a1b2c3d4e5f67890', 1, '2024-01-10 10:30:30', '2024-01-10 10:30:30'),
(11, 'upload_1705923600002', 6, 65536, '12345678901234567890123456789012345678901234567890a1b2c3d4e5f678901', 1, '2024-01-10 10:31:00', '2024-01-10 10:31:00'),
(12, 'upload_1705923600002', 7, 53248, '2345678901234567890123456789012345678901234567890a1b2c3d4e5f6789012', 1, '2024-01-10 10:31:30', '2024-01-10 10:31:30'),
(13, 'upload_1705932900004', 0, 65536, '345678901234567890123456789012345678901234567890a1b2c3d4e5f67890123', 1, '2024-01-10 13:43:00', '2024-01-10 13:43:00'),
(14, 'upload_1705932900004', 1, 65536, '45678901234567890123456789012345678901234567890a1b2c3d4e5f678901234', 1, '2024-01-10 13:43:30', '2024-01-10 13:43:30'),
(15, 'upload_1705932900004', 2, 65536, '5678901234567890123456789012345678901234567890a1b2c3d4e5f6789012345', 1, '2024-01-10 13:44:00', '2024-01-10 13:44:00'),
(16, 'upload_1705932900004', 3, 65536, '678901234567890123456789012345678901234567890a1b2c3d4e5f67890123456', 1, '2024-01-10 13:44:30', '2024-01-10 13:44:30'),
(17, 'upload_1705932900004', 4, 65536, '78901234567890123456789012345678901234567890a1b2c3d4e5f678901234567', 1, '2024-01-10 13:45:00', '2024-01-10 13:45:00'),
(18, 'upload_1705932900004', 5, 40960, '8901234567890123456789012345678901234567890a1b2c3d4e5f6789012345678', 1, '2024-01-10 13:45:30', '2024-01-10 13:45:30'),
(19, 'upload_1705938900005', 0, 65536, '901234567890123456789012345678901234567890a1b2c3d4e5f67890123456789', 1, '2024-01-10 15:13:00', '2024-01-10 15:13:00'),
(20, 'upload_1705938900005', 1, 65536, '01234567890123456789012345678901234567890a1b2c3d4e5f678901234567890', 1, '2024-01-10 15:13:30', '2024-01-10 15:13:30');